"encoded_id";"survey_id";"Frequency_Classical_Encoded";"Frequency_Country_Encoded";"Frequency_EDM_Encoded";"Frequency_Folk_Encoded";"Frequency_Gospel_Encoded";"Frequency_HipHop_Encoded";"Frequency_Jazz_Encoded";"Frequency_Kpop_Encoded";"Frequency_Latin_Encoded";"Frequency_Lofi_Encoded";"Frequency_Metal_Encoded";"Frequency_Pop_Encoded";"Frequency_RB_Encoded";"Frequency_Rap_Encoded";"Frequency_Rock_Encoded";"Frequency_VideoGameMusic_Encoded"
1;1;2;1;3;2;1;1;4;1;1;1;1;3;2;1;4;2
2;2;2;2;3;1;1;2;1;2;3;1;1;4;1;1;1;2
3;3;4;1;1;2;1;1;1;1;1;1;2;1;1;1;1;2
4;4;4;1;4;1;1;4;3;3;2;3;1;3;4;4;2;3
5;5;1;1;2;2;1;1;1;1;1;2;3;3;1;1;4;3
6;6;2;1;1;1;1;4;2;1;1;1;4;3;3;4;4;4
7;7;3;2;3;2;3;3;2;3;2;3;2;4;3;3;2;1
8;8;2;2;1;2;3;3;3;1;2;1;3;1;3;2;4;3
9;9;2;2;2;2;3;2;2;1;2;2;1;3;3;2;3;3
10;10;1;3;2;4;1;2;1;1;2;2;2;2;2;3;3;3
11;11;2;2;2;3;1;2;1;2;1;2;4;3;1;2;4;4
12;12;3;2;1;1;2;2;4;4;2;1;1;4;2;4;3;1
13;13;1;1;2;1;1;3;1;2;2;1;1;4;1;2;1;1
14;14;3;2;2;4;2;2;2;4;1;3;1;4;3;3;3;1
15;15;1;4;1;1;1;1;1;1;1;1;1;2;2;1;2;1
16;16;4;3;1;2;1;1;1;1;1;1;3;2;1;1;3;1
17;17;3;1;2;3;1;3;2;2;1;1;4;4;4;2;4;1
18;18;1;3;2;2;1;1;1;1;1;1;4;2;1;1;4;3
19;19;2;1;4;1;1;3;2;2;2;2;1;2;2;3;2;2
20;20;3;3;2;2;2;4;3;1;1;4;1;4;4;4;4;3
21;21;1;1;4;1;1;3;1;4;1;1;1;3;1;3;4;2
22;22;1;2;4;1;1;3;1;4;1;1;1;2;4;2;1;1
23;23;3;2;2;2;2;3;3;1;1;1;1;4;3;3;1;1
24;24;2;1;2;1;1;4;1;3;1;4;1;3;3;2;2;1
25;25;3;2;4;1;2;2;2;1;1;3;1;4;2;3;2;4
26;26;1;4;2;3;1;3;1;1;1;2;1;2;1;4;1;1
27;27;1;1;2;1;1;4;3;3;2;3;1;4;4;4;3;2
28;28;4;1;2;4;1;1;1;3;1;2;4;2;1;1;3;4
29;29;2;1;1;2;1;1;1;1;1;3;4;2;1;1;3;2
30;30;1;1;3;1;1;4;2;3;1;1;2;4;3;4;4;1
31;31;2;1;1;1;1;3;2;1;2;1;1;4;3;2;1;1
32;32;3;3;1;2;1;1;2;1;2;1;4;4;1;1;4;1
33;33;2;2;2;2;1;3;2;2;1;1;2;4;2;3;3;3
34;34;4;2;1;1;1;1;4;1;3;2;3;3;1;1;3;2
35;35;3;1;1;2;1;3;3;1;3;2;2;4;3;3;4;3
36;36;2;1;2;3;1;1;2;1;1;1;1;2;1;1;4;1
37;37;4;1;2;1;1;3;3;4;1;4;1;4;3;2;2;2
38;38;2;3;2;1;2;4;2;2;2;2;1;3;3;3;3;1
39;39;2;1;3;3;1;4;2;4;3;4;2;4;4;4;3;3
40;40;1;1;2;1;1;2;2;1;1;1;4;1;1;2;3;1
41;41;2;2;1;1;1;3;2;2;2;2;2;4;2;3;3;2
42;42;1;1;4;1;2;3;3;1;1;1;1;4;4;3;3;1
43;43;2;3;1;4;1;2;3;1;3;3;2;4;2;1;4;2
44;44;2;3;3;3;1;2;2;2;1;4;3;4;4;3;4;3
45;45;3;1;3;1;1;2;2;1;1;3;3;3;1;2;2;1
46;46;1;1;1;1;1;4;1;1;1;1;1;1;3;4;1;2
47;47;2;3;1;4;1;2;2;1;1;1;1;3;1;2;4;2
48;48;1;1;1;1;1;3;1;3;1;1;4;4;1;3;4;3
49;49;3;2;4;3;2;2;4;1;1;1;4;3;2;2;4;3
50;50;1;3;3;1;1;4;1;1;1;2;2;2;2;3;4;3
51;51;2;1;3;1;1;4;2;4;2;2;2;4;4;4;2;4
52;52;2;1;3;3;1;4;3;2;2;2;4;2;2;4;4;1
53;53;2;1;3;2;1;4;2;1;1;1;3;3;2;3;4;1
54;54;1;2;1;2;1;3;2;1;1;4;3;2;3;3;4;2
55;55;2;2;4;3;2;3;2;3;1;3;2;4;4;3;4;2
56;56;2;2;2;2;1;2;2;2;1;2;2;3;2;2;4;1
57;57;2;1;1;2;1;1;4;1;2;2;2;1;3;1;4;3
58;58;3;2;1;2;3;1;3;2;2;2;2;3;3;2;3;4
59;59;3;3;4;4;1;1;2;1;1;1;2;1;2;1;3;3
60;60;4;1;1;3;1;3;3;2;1;3;4;3;2;3;4;3
61;61;3;2;3;2;1;2;3;3;3;3;4;4;2;2;4;4
62;62;2;3;3;2;1;3;2;1;3;3;3;3;4;4;4;2
63;63;2;1;3;4;2;3;1;1;1;3;3;4;2;4;4;4
64;64;1;1;1;1;1;4;2;1;1;1;2;2;3;4;2;1
65;65;3;1;2;2;1;2;1;1;1;1;4;3;3;3;4;2
66;66;1;3;1;2;3;1;3;2;1;1;3;4;1;1;4;1
67;67;3;2;3;4;1;2;3;2;2;3;3;3;2;2;4;3
68;68;2;1;3;2;1;4;3;4;3;2;2;4;2;4;3;3
69;69;3;1;1;2;3;1;2;1;1;1;1;3;2;1;3;3
70;70;3;2;2;3;1;2;2;2;2;3;3;4;2;2;4;4
71;71;3;2;1;3;1;2;2;1;2;2;3;3;3;2;4;4
72;72;1;2;2;1;1;3;1;1;1;2;2;3;1;4;3;1
73;73;3;1;2;1;1;3;2;1;1;2;2;4;4;4;4;4
74;74;2;2;4;2;2;4;2;2;2;2;2;3;2;4;4;2
75;75;2;1;4;2;2;3;2;1;2;2;1;3;2;2;2;1
76;76;4;2;1;2;1;2;3;1;2;1;1;4;3;1;3;3
77;77;1;1;1;4;1;3;1;1;1;3;4;2;1;2;4;3
78;78;2;2;3;4;2;4;3;1;1;2;2;2;4;4;3;2
79;79;3;1;1;1;1;4;2;1;2;1;1;3;3;4;1;1
80;80;2;1;1;2;1;1;1;1;1;1;4;2;1;3;4;1
81;81;3;1;1;1;1;2;1;1;1;2;1;4;4;2;1;1
82;82;2;1;4;1;1;1;1;4;1;2;4;2;1;1;4;4
83;83;2;3;3;3;1;4;2;1;1;3;3;3;4;4;4;1
84;84;1;4;2;2;1;1;2;3;4;2;2;4;2;1;3;3
85;85;1;2;2;1;1;2;4;3;2;4;1;4;3;2;2;4
86;86;3;2;2;3;1;3;2;2;3;4;4;3;3;3;4;4
87;87;2;1;2;1;1;3;1;4;4;2;1;4;3;4;1;3
88;88;3;2;1;4;2;2;3;1;2;3;2;4;3;2;4;2
89;89;1;3;2;4;3;2;2;2;2;2;3;2;4;2;4;2
90;90;1;1;2;3;2;3;2;1;3;1;1;4;3;2;4;1
91;91;3;2;2;4;1;2;3;1;1;3;3;4;2;2;4;3
92;92;3;1;1;2;3;2;4;2;3;2;1;3;3;2;4;2
93;93;1;2;2;2;1;1;1;2;1;3;2;3;1;2;4;4
94;94;3;2;3;2;1;2;2;1;1;1;4;2;1;2;3;4
95;95;1;1;4;1;1;2;2;4;1;3;3;2;1;2;2;4
96;96;3;1;1;3;1;1;1;1;1;2;1;4;2;1;3;2
97;97;3;1;1;2;1;1;3;1;1;2;2;3;1;1;4;2
98;98;2;2;1;1;1;1;2;1;1;1;3;2;2;1;3;3
99;99;2;3;2;3;1;4;2;1;4;4;4;4;4;4;4;2
100;100;2;1;3;1;1;1;1;4;1;1;2;3;1;1;2;1
101;101;2;1;1;2;1;1;3;1;1;1;3;3;1;1;3;1
102;102;2;1;1;2;2;3;2;1;4;4;2;3;4;3;3;3
103;103;1;3;4;2;2;3;1;4;2;2;2;4;3;3;2;3
104;104;3;1;1;2;3;1;4;3;4;3;1;3;3;1;1;1
105;105;4;1;1;2;2;3;3;4;2;4;1;3;4;3;1;2
106;106;1;1;1;1;1;3;1;4;3;1;2;4;3;3;2;1
107;107;2;4;1;4;4;3;2;1;2;1;3;3;2;2;2;3
108;108;2;2;2;3;1;1;2;2;2;4;3;4;1;2;3;3
109;109;1;3;2;3;2;2;1;2;1;3;1;4;2;2;4;2
110;110;2;2;2;2;2;3;3;3;1;1;2;4;2;3;3;1
111;111;1;2;2;4;1;4;3;1;3;3;4;3;3;3;4;2
112;112;2;3;2;2;1;3;2;1;1;2;2;4;3;3;4;1
113;113;1;2;1;4;1;2;3;1;1;2;2;2;1;1;3;4
114;114;4;1;2;1;2;3;2;1;3;1;3;2;1;3;3;1
115;115;1;1;2;1;2;4;1;4;3;3;1;3;4;4;1;2
116;116;1;4;1;1;1;3;1;1;1;1;1;4;2;3;3;2
117;117;1;1;3;1;1;1;1;1;1;1;1;4;1;1;4;1
118;118;3;1;3;2;1;2;2;1;1;2;4;2;2;2;4;1
119;119;3;3;3;2;1;2;3;2;2;4;1;3;4;2;3;4
120;120;2;1;4;2;1;1;1;1;1;2;2;3;2;1;4;4
121;121;3;2;3;2;1;2;3;2;2;1;2;3;2;2;3;2
122;122;4;1;1;1;1;2;2;1;1;3;1;4;1;1;1;4
123;123;4;2;2;4;1;2;1;1;1;3;3;2;1;2;4;4
124;124;2;1;1;3;1;3;2;1;1;1;3;4;2;3;4;2
125;125;2;3;1;1;1;3;4;4;2;4;2;4;4;4;4;1
126;126;2;2;1;1;3;3;2;4;1;2;1;3;4;3;1;2
127;127;3;1;1;2;1;2;3;1;1;1;2;3;1;2;4;1
128;128;3;1;2;3;2;2;3;1;2;2;2;2;2;1;1;3
129;129;3;3;2;4;1;1;1;2;2;1;4;2;1;1;4;4
130;130;2;4;2;3;2;4;3;2;3;3;3;3;2;3;4;1
131;131;3;2;1;2;1;3;3;2;1;2;1;3;4;4;4;2
132;132;1;1;1;2;1;2;3;2;1;3;4;3;1;1;3;3
133;133;1;1;1;1;1;3;1;1;2;1;1;3;2;2;4;1
134;134;3;3;2;3;1;2;1;1;1;1;3;3;1;2;4;1
135;135;1;1;1;1;1;1;3;4;1;1;1;1;1;1;1;2
136;136;3;2;1;4;2;1;2;1;1;3;3;2;1;1;4;1
137;137;2;4;2;1;1;2;2;1;3;1;2;4;2;1;3;1
138;138;1;1;2;1;1;4;2;4;1;3;1;3;3;2;1;2
139;139;3;3;3;2;1;2;1;1;1;2;4;4;2;3;4;3
140;140;2;2;2;4;1;3;2;2;1;2;2;4;2;3;4;2
141;141;2;1;3;4;3;2;2;3;3;4;3;4;3;1;4;4
142;142;3;2;1;3;2;2;3;2;2;2;4;3;2;2;4;3
143;143;2;1;4;3;1;3;1;2;3;1;1;4;2;3;3;1
144;144;1;4;2;3;1;2;1;1;1;1;3;3;1;2;4;1
145;145;1;4;1;3;1;1;1;1;1;1;4;1;1;1;4;1
146;146;2;3;3;3;2;4;2;2;3;3;3;4;4;4;4;3
147;147;3;2;1;2;1;1;2;1;1;1;4;2;1;1;4;1
148;148;1;2;2;2;1;3;1;2;1;3;2;3;4;2;4;2
149;149;2;2;4;2;1;3;3;3;1;2;4;4;2;3;4;2
150;150;3;1;3;2;1;2;3;3;1;4;1;3;2;2;1;4
151;151;4;2;2;3;2;4;3;4;3;4;4;4;3;2;3;2
152;152;2;1;3;3;1;2;1;2;1;3;4;3;2;2;4;3
153;153;3;2;1;2;2;2;1;1;1;1;4;3;2;2;4;1
154;154;1;1;2;2;1;2;1;1;1;2;1;2;1;2;4;1
155;155;2;1;2;2;2;2;2;1;1;2;1;4;2;2;3;3
156;156;2;1;3;1;1;3;2;1;1;4;3;1;1;3;2;4
157;157;4;1;1;2;1;1;2;1;1;1;2;3;2;1;3;1
158;158;3;1;3;3;1;1;1;1;1;2;2;2;2;1;4;2
159;159;4;1;2;2;1;3;3;1;2;2;2;3;3;3;4;3
160;160;2;2;2;4;2;3;2;1;2;3;1;2;3;3;2;3
161;161;2;1;1;2;1;1;3;2;1;3;2;3;2;1;4;2
162;162;2;2;4;2;1;3;1;1;1;2;2;3;3;3;3;3
163;163;3;2;4;2;2;2;4;3;1;3;3;3;3;2;4;3
164;164;1;2;1;4;1;2;1;1;1;1;4;2;1;1;4;2
165;165;3;2;1;1;1;2;1;1;3;1;3;2;2;2;4;3
166;166;2;1;4;1;1;2;1;2;1;1;2;3;2;2;4;3
167;167;3;2;4;2;2;2;3;3;1;2;4;3;3;2;3;3
168;168;2;1;1;2;1;3;4;1;4;2;3;2;3;2;4;2
169;169;3;2;4;1;1;3;4;4;3;3;3;4;4;2;3;3
170;170;4;1;1;2;1;1;1;1;2;1;1;2;1;1;1;2
171;171;4;3;3;3;3;4;4;2;3;3;2;4;4;4;3;1
172;172;2;1;2;2;1;2;1;2;1;2;3;4;2;3;4;4
173;173;3;1;2;1;1;4;2;2;1;2;1;3;4;3;1;2
174;174;2;2;1;3;1;3;4;1;2;1;3;4;4;4;4;1
175;175;2;1;2;1;1;4;4;2;3;4;1;3;3;3;2;4
176;176;3;2;1;3;2;3;2;2;1;2;3;3;2;3;4;3
177;177;3;2;3;2;1;3;1;1;1;1;4;3;3;3;4;2
178;178;4;1;1;1;1;4;4;2;4;3;3;2;3;2;1;2
179;179;3;1;1;1;1;1;2;1;1;2;3;3;2;1;3;1
180;180;2;1;2;2;1;2;2;1;2;2;2;4;2;2;4;2
181;181;1;3;4;2;1;1;1;1;1;1;2;3;1;1;4;2
182;182;3;2;3;2;1;3;2;2;1;1;1;4;2;2;3;2
183;183;2;1;2;3;1;1;1;2;1;4;2;3;1;1;4;3
184;184;3;2;3;2;1;2;1;3;2;3;4;2;1;2;4;3
185;185;1;4;1;1;1;1;1;1;1;1;4;4;1;3;4;2
186;186;2;2;1;2;2;3;1;1;1;1;1;4;2;3;3;2
187;187;1;1;2;2;1;4;2;1;2;2;4;3;2;4;4;1
188;188;1;1;1;1;1;1;2;1;1;2;4;1;1;2;4;3
189;189;2;1;1;1;1;1;2;1;1;1;4;1;1;2;3;2
190;190;2;1;1;3;1;4;3;1;3;3;1;4;2;4;4;4
191;191;3;2;1;3;1;3;1;1;1;1;3;3;2;2;4;2
192;192;1;1;4;1;1;3;1;1;1;1;1;2;2;3;1;2
193;193;1;1;3;1;1;2;1;3;3;2;1;4;3;2;3;2
194;194;2;2;2;2;2;2;2;2;2;2;2;2;2;2;2;2
195;195;1;1;2;4;1;2;2;1;4;2;3;4;2;3;4;2
196;196;3;3;2;2;1;1;1;1;1;1;4;3;3;1;4;3
197;197;1;1;2;1;1;1;1;1;1;1;4;2;1;2;3;1
198;198;1;1;2;1;1;2;1;3;1;4;3;4;3;2;4;1
199;199;3;2;1;1;1;2;3;1;1;2;4;2;1;2;4;3
200;200;4;2;1;1;1;2;3;2;1;3;1;4;1;1;1;2
201;201;1;1;2;1;1;3;1;1;1;3;1;2;2;4;1;2
202;202;1;2;1;2;1;1;1;1;3;1;2;2;2;2;4;2
203;203;2;1;4;1;1;4;3;4;1;2;3;4;2;4;4;4
204;204;4;2;1;2;1;1;3;1;2;1;4;3;2;1;4;1
205;205;2;1;1;3;1;1;1;1;1;1;1;3;2;1;4;1
206;206;3;1;2;1;1;2;2;1;1;1;1;3;1;1;4;3
207;207;2;1;3;3;1;2;1;1;1;2;2;3;1;1;4;3
208;208;1;4;1;3;1;2;1;1;1;1;1;2;2;2;3;1
209;209;2;3;3;1;1;2;2;4;2;1;1;4;4;2;2;2
210;210;3;3;3;2;2;4;2;4;1;4;1;4;4;4;4;2
211;211;4;3;1;4;3;4;3;3;1;4;3;2;4;4;3;4
212;212;2;1;4;2;1;2;3;2;2;2;1;4;4;2;3;1
213;213;2;2;1;2;1;3;1;1;1;1;4;1;1;3;3;3
214;214;1;1;1;1;1;2;1;2;1;1;4;4;1;4;4;4
215;215;1;4;2;3;1;2;3;1;4;1;2;3;4;3;4;1
216;216;2;1;4;1;1;1;4;1;3;1;1;3;1;1;4;4
217;217;3;2;3;2;1;4;4;2;3;4;1;3;2;3;4;3
218;218;2;2;1;2;2;3;3;1;2;2;1;4;4;3;3;2
219;219;1;1;2;1;1;4;2;1;1;3;1;4;4;4;4;1
220;220;3;2;4;2;3;3;3;4;2;4;4;4;3;3;4;4
221;221;2;3;3;1;1;3;1;1;2;1;4;3;2;3;3;3
222;222;2;1;3;1;1;4;3;1;1;3;4;2;3;4;3;3
223;223;2;2;4;1;2;1;4;2;2;1;3;2;3;1;4;3
224;224;3;2;3;1;1;4;3;2;1;3;2;4;3;3;3;3
225;225;2;2;4;3;1;2;3;2;1;2;2;4;3;3;3;3
226;226;2;1;3;1;1;2;2;1;1;1;2;4;4;4;4;1
227;227;1;2;4;1;1;2;1;1;2;2;4;3;3;3;4;2
228;228;2;2;2;2;3;2;3;1;2;2;4;3;2;2;4;3
229;229;1;2;1;2;1;1;1;1;1;1;1;3;3;1;3;1
230;230;3;2;1;1;1;4;3;4;2;1;1;4;2;4;3;2
231;231;2;1;4;1;1;2;2;1;1;2;3;3;1;4;4;3
232;232;2;1;1;2;3;4;2;4;4;4;1;3;4;4;2;1
233;233;3;1;1;1;1;2;2;1;1;2;1;4;2;2;1;2
234;234;3;2;3;1;1;3;3;1;1;3;3;2;2;2;3;3
235;235;1;1;1;1;1;1;1;1;1;1;2;4;1;3;3;2
236;236;2;2;3;1;1;1;2;1;1;1;1;4;1;1;2;2
237;237;1;2;2;1;3;3;1;1;1;1;4;1;2;3;4;1
238;238;3;1;3;1;1;2;2;2;1;3;2;3;2;3;3;3
239;239;3;3;2;2;1;3;1;2;1;2;1;4;2;2;4;2
240;240;1;1;1;1;1;1;1;1;1;1;4;3;1;1;4;1
241;241;3;2;3;2;1;4;4;1;1;1;3;2;2;4;4;2
242;242;1;1;4;1;1;3;1;1;1;1;2;1;1;3;1;1
243;243;1;2;4;2;1;4;1;1;1;1;1;3;3;4;3;1
244;244;4;2;1;4;1;2;3;2;2;2;1;4;3;2;2;1
245;245;1;1;1;4;1;2;1;1;1;1;3;4;1;2;3;1
246;246;2;1;3;2;1;3;2;1;1;2;2;3;3;1;4;3
247;247;2;2;3;4;1;3;2;1;1;3;2;3;3;3;2;2
248;248;2;3;3;3;1;3;2;2;2;2;2;4;1;3;4;4
249;249;2;2;4;3;2;3;2;1;1;2;3;3;3;3;4;4
250;250;2;3;4;3;2;3;3;2;2;3;4;3;3;4;3;4
251;251;3;1;1;3;2;3;2;1;1;2;1;4;2;2;3;1
252;252;2;1;2;3;1;2;2;1;1;2;3;4;3;2;4;2
253;253;1;2;3;2;1;3;1;1;1;3;2;3;3;3;3;1
254;254;4;3;2;4;3;3;3;2;3;2;4;4;3;2;4;4
255;255;2;3;1;3;1;1;1;1;2;1;3;4;2;1;4;1
256;256;4;1;2;1;1;2;2;4;1;2;1;4;1;2;1;4
257;257;4;1;1;1;1;2;3;1;1;1;1;2;2;2;3;2
258;258;4;2;3;3;2;2;3;2;2;4;2;4;4;2;4;4
259;259;1;4;1;2;1;3;1;1;2;1;3;1;1;3;4;2
260;260;2;2;3;1;1;3;1;3;2;3;4;3;2;4;4;4
261;261;2;4;1;4;3;2;3;1;4;2;1;3;3;2;3;1
262;262;1;2;3;3;2;2;3;2;2;2;4;4;3;3;4;3
263;263;4;1;1;1;2;2;1;1;3;2;3;2;1;2;1;1
264;264;1;2;3;1;1;2;2;1;1;1;1;3;2;2;4;2
265;265;2;1;1;2;1;1;1;1;1;1;2;4;2;1;4;1
266;266;2;1;2;1;2;4;2;4;3;1;1;3;4;4;1;1
267;267;4;1;2;2;1;1;1;1;4;2;2;3;3;2;4;2
268;268;1;1;1;1;1;1;1;1;1;3;1;4;1;1;4;3
269;269;3;3;3;3;2;3;3;1;3;3;2;3;3;3;4;2
270;270;1;4;2;3;2;3;1;1;1;1;2;3;2;3;3;1
271;271;3;1;1;1;1;1;1;1;1;1;4;2;1;1;4;3
272;272;2;1;4;3;1;2;2;2;2;3;3;4;3;2;4;4
273;273;3;1;3;1;1;2;2;2;1;2;3;3;3;3;4;3
274;274;2;2;4;2;2;2;2;2;1;3;4;3;2;2;3;4
275;275;3;1;4;1;1;2;2;3;1;3;1;4;2;3;3;4
276;276;3;2;1;2;3;3;4;3;1;2;3;2;3;2;4;1
277;277;1;1;1;1;1;2;1;1;1;1;1;1;1;2;2;2
278;278;3;2;2;3;1;3;3;2;2;4;4;3;2;3;3;3
279;279;2;2;4;2;2;2;1;1;1;3;2;3;2;2;3;4
280;280;4;3;1;1;1;3;2;2;2;1;2;3;3;2;2;1
281;281;3;3;1;3;1;1;2;1;1;2;1;2;1;1;3;3
282;282;1;2;2;1;1;2;2;4;2;2;1;4;2;3;3;1
283;283;4;3;3;3;1;1;4;2;2;1;4;2;1;2;4;2
284;284;1;1;1;1;1;3;3;1;1;3;1;4;1;3;3;1
285;285;4;1;1;1;1;2;1;1;1;2;3;3;1;2;4;2
286;286;2;3;1;1;1;1;1;2;4;1;1;4;3;3;1;1
287;287;1;2;1;1;1;2;1;1;1;1;1;3;2;1;3;1
288;288;4;1;3;2;1;1;2;2;1;1;2;4;1;1;3;3
289;289;4;4;1;2;1;2;1;1;1;1;4;3;1;2;4;2
290;290;1;4;1;2;1;1;1;1;1;1;2;2;1;2;3;2
291;291;2;2;1;3;1;1;2;1;1;1;2;3;2;1;4;3
292;292;4;1;2;1;1;3;3;2;2;2;3;3;3;3;3;2
293;293;1;1;2;1;1;3;2;1;2;1;1;4;1;2;3;4
294;294;4;1;1;1;2;1;3;1;1;1;1;1;1;1;2;3
295;295;2;2;1;4;1;3;3;1;1;1;4;4;4;3;4;1
296;296;2;4;1;2;4;4;3;2;1;2;1;4;4;4;4;3
297;297;4;1;3;1;1;4;3;2;4;3;2;3;3;4;2;3
298;298;4;2;1;2;2;3;2;1;1;1;2;3;1;1;4;3
299;299;1;3;1;4;1;1;1;1;1;1;1;4;1;1;1;1
300;300;2;3;1;4;2;3;1;1;1;3;1;1;1;3;2;2
301;301;3;2;2;3;1;2;1;4;1;3;1;4;4;4;4;1
302;302;4;1;1;1;1;1;1;1;1;2;1;2;1;1;1;1
303;303;4;1;3;1;1;1;1;4;1;1;1;1;1;1;2;1
304;304;4;2;1;1;2;1;1;1;1;1;1;4;1;1;1;2
305;305;3;1;2;1;1;1;2;1;1;2;3;2;1;1;3;2
306;306;2;1;1;1;1;2;2;1;1;3;2;4;4;1;1;3
307;307;3;3;3;3;3;4;4;4;4;4;4;4;4;4;4;2
308;308;1;1;1;1;1;1;1;1;1;4;1;1;1;1;1;4
309;309;3;3;3;3;2;3;2;2;1;1;3;3;3;3;4;1
310;310;2;2;4;2;2;3;3;3;2;3;2;4;3;3;3;3
311;311;3;1;1;1;1;1;2;1;1;2;3;1;1;1;4;1
312;312;1;3;1;1;1;1;4;1;3;1;1;2;4;1;4;1
313;313;2;3;4;4;1;3;3;1;2;3;4;4;3;3;4;3
314;314;3;4;2;3;4;3;3;2;4;1;2;3;4;3;3;1
315;315;4;2;1;2;1;1;1;3;1;1;4;2;1;2;3;4
316;316;2;2;3;3;2;4;2;3;2;3;2;4;2;2;2;2
317;317;4;3;2;4;1;2;3;1;2;1;1;1;2;1;4;1
318;318;2;1;3;1;1;3;2;1;1;2;1;3;2;4;3;3
319;319;2;2;1;2;1;2;1;1;1;3;2;3;1;2;3;1
320;320;4;2;1;2;1;2;2;1;1;2;1;4;1;1;2;2
321;321;2;4;3;4;2;3;3;1;2;3;3;3;2;3;4;3
322;322;4;2;1;1;2;3;2;2;1;1;1;3;1;2;3;1
323;323;2;3;2;3;3;3;3;1;2;2;3;2;3;3;3;1
324;324;1;2;2;3;1;4;2;2;2;3;3;4;3;4;4;1
325;325;3;2;1;2;3;2;3;2;2;1;1;2;1;1;1;1
326;326;3;1;2;3;1;2;3;4;3;3;2;4;3;2;4;1
327;327;1;3;1;1;1;1;3;1;1;1;2;1;2;1;4;1
328;328;4;2;2;2;2;3;2;4;2;3;2;4;4;4;2;2
329;329;3;4;1;1;1;1;1;1;1;1;1;1;1;1;1;1
330;330;1;4;1;1;1;1;1;1;1;1;1;1;1;1;1;1
331;331;2;2;4;2;1;2;2;1;1;4;2;3;1;2;2;4
332;332;2;1;1;1;1;2;3;2;2;1;2;3;2;2;2;4
333;333;3;3;1;3;2;1;2;1;2;1;2;3;3;2;4;2
334;334;3;3;2;2;2;4;2;4;2;3;2;3;3;4;2;3
335;335;2;2;3;1;3;2;3;3;1;1;1;4;3;1;3;4
336;336;1;1;4;1;1;3;2;1;1;3;3;2;2;2;3;3
337;337;3;1;4;1;1;3;1;3;1;1;1;3;1;1;3;3
338;338;1;3;1;4;1;1;1;1;1;1;1;1;1;1;3;1
339;339;4;2;4;2;3;4;3;1;3;4;3;4;4;4;3;4
340;340;1;1;1;1;1;4;1;2;1;2;1;2;1;4;1;1
341;341;1;1;3;3;1;2;1;3;3;1;1;4;4;3;2;1
342;342;2;3;3;3;1;3;2;3;1;4;4;4;1;1;4;3
343;343;3;1;3;2;3;4;4;1;3;4;1;2;4;3;3;1
344;344;3;2;2;4;1;3;1;3;1;4;4;3;2;3;4;4
345;345;2;1;3;2;1;4;2;1;3;2;3;4;3;4;3;2
346;346;1;1;4;1;1;1;1;1;1;2;3;1;1;1;4;4
347;347;2;3;1;3;1;4;4;1;1;1;4;4;4;4;4;1
348;348;4;2;1;2;1;1;3;1;1;3;1;4;2;1;1;1
349;349;2;3;4;3;1;3;2;1;1;2;3;1;1;4;4;4
350;350;1;1;3;1;1;2;1;1;1;2;1;2;1;1;3;4
351;351;2;3;1;4;1;3;3;1;2;3;1;2;2;3;4;1
352;352;2;1;4;2;1;1;1;1;1;3;2;4;1;1;4;3
353;353;2;1;1;3;1;3;1;2;4;2;2;4;3;3;2;1
354;354;4;2;1;1;1;1;1;2;1;3;1;4;1;1;2;3
355;355;1;1;2;1;1;4;1;1;3;2;1;3;4;4;2;1
356;356;3;2;2;4;2;3;3;2;2;3;3;3;2;3;4;4
357;357;2;2;1;1;1;2;1;4;2;2;2;4;2;2;2;1
358;358;1;2;4;3;4;1;1;1;1;2;4;2;1;1;3;2
359;359;2;4;3;2;2;2;2;2;2;4;2;2;2;2;2;2
360;360;2;3;3;1;1;2;1;3;1;3;1;4;1;2;4;2
361;361;3;2;2;2;2;3;3;2;3;4;2;3;3;2;3;3
362;362;2;1;3;1;1;2;1;4;2;2;3;4;2;2;4;2
363;363;3;2;2;3;1;2;1;1;1;2;2;4;4;2;4;1
364;364;2;3;3;1;1;1;2;1;1;1;2;3;2;2;3;4
365;365;3;2;2;3;1;4;3;1;1;1;1;4;4;4;3;3
366;366;4;1;1;1;3;3;2;3;1;4;1;4;3;3;2;4
367;367;3;2;1;3;1;2;1;1;1;1;4;3;1;1;4;1
368;368;1;1;1;2;1;1;1;2;1;1;3;3;2;1;3;1
369;369;4;1;1;1;1;4;1;3;1;2;1;4;4;4;1;3
370;370;2;2;2;2;2;4;2;2;3;2;3;4;4;4;4;1
371;371;3;1;3;4;1;1;1;2;1;2;3;2;1;1;4;4
372;372;3;1;3;1;1;3;2;1;1;2;4;4;2;3;4;2
373;373;2;1;2;3;1;2;1;1;1;3;1;2;1;1;2;4
374;374;2;2;1;3;1;1;1;1;1;1;2;1;1;1;4;1
375;375;4;3;4;2;2;3;3;2;3;2;2;4;4;2;4;2
376;376;3;1;1;3;1;2;2;2;1;2;1;4;2;2;4;2
377;377;3;1;1;1;1;4;2;1;1;4;1;4;4;4;3;1
378;378;1;1;4;1;1;2;1;2;1;2;1;1;1;1;2;2
379;379;1;2;2;1;1;4;1;2;1;1;4;3;3;4;4;3
380;380;2;3;2;2;2;2;2;1;1;4;2;3;2;2;4;4
381;381;1;1;2;1;1;1;1;1;1;1;4;2;1;1;3;1
382;382;2;1;2;1;1;3;3;4;1;3;1;3;4;2;3;3
383;383;1;1;2;1;1;1;1;1;1;1;4;2;2;1;4;4
384;384;3;2;4;4;2;4;4;2;3;3;3;4;4;4;3;3
385;385;2;1;1;1;1;1;1;1;1;1;4;1;1;2;3;1
386;386;2;1;3;2;1;2;3;3;3;3;1;4;4;3;4;4
387;387;3;1;1;1;1;2;3;1;1;2;3;4;1;2;4;2
388;388;2;2;1;2;1;4;2;1;1;3;2;4;3;3;3;2
389;389;2;2;1;3;1;2;3;1;1;4;2;3;2;2;4;1
390;390;2;2;1;4;2;2;3;1;1;2;2;3;3;2;3;3
391;391;2;2;2;1;1;3;2;2;1;2;2;1;1;3;2;4
392;392;3;1;1;2;2;1;1;2;4;1;1;4;3;1;1;4
393;393;1;1;4;1;1;3;1;2;1;1;2;3;3;3;3;1
394;394;1;1;1;1;1;1;3;1;3;1;4;2;2;1;3;1
395;395;4;3;2;3;4;3;3;2;2;1;2;3;3;3;2;2
396;396;2;4;3;2;1;4;2;1;4;3;2;4;4;4;3;3
397;397;3;1;2;1;1;4;2;1;1;2;1;3;4;4;1;1
398;398;2;2;3;4;1;3;2;1;3;4;2;3;4;2;4;2
399;399;4;1;3;2;1;1;2;1;1;1;3;2;1;1;4;2
400;400;3;3;1;2;1;1;2;1;1;1;2;2;3;1;3;1
401;401;1;1;1;3;3;3;3;1;2;1;2;2;2;3;4;4
402;402;2;2;2;3;2;3;3;2;2;4;2;4;3;3;4;3
403;403;2;4;1;4;2;2;3;1;1;1;4;3;2;2;4;1
404;404;2;1;1;2;1;3;1;1;3;1;1;4;3;4;4;2
405;405;1;2;2;3;1;1;2;1;1;2;3;2;3;1;4;3
406;406;2;1;3;3;1;2;1;3;1;3;2;3;1;2;3;4
407;407;2;1;2;2;1;2;2;1;1;2;3;3;2;3;4;1
408;408;2;1;1;3;1;2;1;1;2;1;1;2;1;3;4;1
409;409;1;4;1;2;1;1;1;1;1;1;3;3;1;1;3;2
410;410;2;1;1;3;1;2;1;1;1;2;4;2;1;2;4;3
411;411;2;1;1;1;1;3;2;3;1;3;1;2;1;4;2;2
412;412;2;1;1;1;1;2;4;4;1;4;1;4;4;3;1;3
413;413;2;1;1;4;1;1;3;1;2;1;1;2;1;1;4;1
414;414;1;1;3;1;1;2;3;4;2;2;1;4;3;2;2;1
415;415;3;1;2;1;1;1;1;1;1;1;4;2;1;2;4;3
416;416;3;2;1;3;1;1;3;1;1;1;1;2;2;1;3;1
417;417;2;2;1;1;1;3;2;1;1;2;2;3;3;3;2;1
418;418;2;1;2;1;1;1;2;1;1;1;3;1;2;1;2;2
419;419;2;3;1;1;2;3;3;1;1;1;1;3;3;3;2;1
420;420;1;2;3;1;1;3;2;1;1;4;3;3;2;2;4;4
421;421;2;2;1;4;1;2;1;1;1;4;4;4;1;3;4;4
422;422;2;1;1;1;1;2;1;1;1;1;1;3;2;2;3;2
423;423;3;2;1;1;2;1;2;1;3;2;1;4;1;1;1;4
424;424;3;3;1;3;3;3;3;1;3;1;3;3;3;3;3;1
425;425;3;3;2;4;1;4;4;2;2;4;2;3;4;4;4;2
426;426;3;1;1;2;4;1;3;1;2;1;1;3;3;1;2;1
427;427;4;1;1;1;1;1;1;1;1;1;1;1;1;1;1;1
428;428;3;2;3;1;1;2;3;2;1;3;1;4;2;1;3;3
429;429;4;1;1;1;1;1;1;2;1;3;1;3;1;1;1;3
430;430;1;1;3;2;1;4;1;4;3;1;1;4;4;4;3;2
431;431;1;1;1;1;1;2;3;1;2;2;3;3;3;2;4;1
432;432;3;2;2;3;2;3;2;2;2;2;2;3;2;3;4;1
433;433;4;1;1;1;1;1;2;1;1;2;1;3;1;1;1;1
434;434;1;1;3;1;1;3;1;4;2;2;1;4;4;3;2;2
435;435;1;1;4;1;1;1;1;1;1;1;1;2;2;2;1;2
436;436;2;1;3;1;1;4;1;2;2;2;3;4;2;4;4;2
437;437;1;4;1;2;2;1;2;1;1;1;2;2;2;1;3;2
438;438;1;4;1;2;3;1;1;1;1;1;2;4;1;3;4;3
439;439;4;1;2;1;1;1;1;2;1;2;2;3;2;1;3;3
440;440;4;2;1;2;2;2;3;3;2;3;2;4;4;2;3;1
441;441;4;3;1;3;3;2;4;2;2;2;1;3;3;1;4;1
442;442;3;3;1;1;1;4;3;2;2;1;2;4;3;3;4;1
443;443;4;1;2;1;3;4;4;4;3;1;2;4;4;4;3;1
444;444;3;3;2;1;1;3;1;2;1;2;3;3;1;3;4;3
445;445;1;1;3;2;1;3;4;2;1;3;1;2;3;2;1;1
446;446;1;2;3;4;1;2;2;3;1;2;4;3;1;2;4;3
447;447;4;1;1;1;1;1;3;1;1;1;1;2;1;1;2;1
448;448;3;2;1;1;1;3;2;1;1;4;2;4;4;3;4;2
449;449;3;1;1;1;1;2;1;1;1;1;3;3;1;1;3;1
450;450;2;2;3;2;1;4;2;4;2;2;3;4;3;3;4;2
451;451;2;1;1;3;1;1;2;1;1;1;4;1;1;1;3;2
452;452;3;3;1;2;2;2;1;1;1;1;4;1;2;2;2;1
453;453;1;1;4;3;1;3;1;1;1;3;1;4;4;4;1;1
454;454;4;2;2;2;2;2;2;3;2;3;1;3;3;2;2;4
455;455;3;2;2;4;1;2;2;1;2;3;2;4;2;2;4;4
456;456;4;1;1;2;1;1;2;3;2;1;1;4;1;1;1;4
457;457;2;4;3;1;1;3;3;3;2;1;1;3;1;3;3;1
458;458;2;1;3;1;1;2;3;4;3;3;1;4;2;3;1;1
459;459;2;2;2;2;1;2;2;1;2;3;4;3;2;2;4;3
460;460;1;2;1;1;3;2;2;2;2;3;2;4;3;3;4;3
461;461;2;4;1;3;2;2;1;1;1;1;2;3;1;1;4;3
462;462;4;3;2;3;2;2;4;2;2;1;2;3;3;2;2;2
463;463;1;4;1;2;2;2;2;1;1;1;3;4;1;3;3;3
464;464;1;1;1;2;1;3;4;1;2;1;4;2;3;3;3;2
465;465;3;1;2;3;1;3;3;4;4;2;2;4;4;3;4;3
466;466;2;1;1;2;1;3;1;4;2;1;1;4;1;3;1;1
467;467;2;2;2;1;1;4;3;1;1;2;1;4;4;4;4;2
468;468;4;2;1;2;2;1;3;1;1;2;2;1;1;1;3;3
469;469;1;1;3;3;1;3;3;1;2;3;1;3;3;3;3;3
470;470;4;1;1;1;1;2;2;1;1;1;1;4;4;1;3;1
471;471;2;1;1;1;1;4;2;1;1;1;2;3;2;4;2;4
472;472;1;1;2;2;1;4;1;1;1;3;2;4;1;4;1;4
473;473;4;1;1;3;4;1;1;1;3;1;1;1;1;1;1;1
474;474;4;1;1;1;1;1;2;1;1;2;3;2;1;1;3;3
475;475;1;2;3;2;1;2;2;1;1;1;4;3;1;4;2;3
476;476;2;3;4;1;2;4;2;3;3;3;2;3;4;3;2;3
477;477;2;2;3;2;1;4;2;2;1;2;2;4;2;4;2;3
478;478;3;1;3;1;1;2;2;1;1;2;4;3;1;2;4;2
479;479;1;1;4;1;1;4;1;1;1;4;1;4;4;4;4;3
480;480;1;1;1;1;2;4;1;1;1;1;1;4;4;3;1;1
481;481;1;1;1;1;3;4;2;1;2;2;1;3;4;4;2;1
482;482;2;2;1;2;1;1;1;1;1;1;4;3;1;1;3;2
483;483;3;1;1;1;1;3;1;4;1;2;1;3;4;2;3;2
484;484;3;2;2;2;4;3;2;3;4;2;2;4;3;3;3;3
485;485;2;3;2;2;2;4;2;3;2;1;3;2;3;3;3;2
486;486;3;1;2;1;1;3;3;4;1;3;1;2;2;2;1;2
487;487;3;2;2;1;4;2;3;2;2;2;1;2;1;1;1;4
488;488;2;4;2;3;1;3;2;3;1;1;1;4;4;2;3;1
489;489;1;1;3;1;1;2;3;1;1;3;2;2;2;1;3;4
490;490;1;1;4;1;1;4;2;2;2;2;2;4;3;4;2;3
491;491;2;3;1;1;1;1;1;1;1;1;3;2;3;1;4;1
492;492;1;2;3;3;1;2;2;3;3;4;1;4;2;2;3;1
493;493;4;1;4;1;1;1;3;1;2;2;1;3;1;1;2;2
494;494;3;1;3;2;1;4;3;4;4;3;2;4;4;4;3;3
495;495;1;1;1;1;1;2;1;1;1;1;3;3;2;2;4;1
496;496;2;1;1;2;3;1;2;1;2;1;1;2;2;1;4;1
497;497;1;4;1;1;1;2;1;1;1;1;1;3;1;1;2;1
498;498;3;1;1;1;1;1;3;2;1;4;1;2;3;1;1;4
499;499;4;2;2;2;1;3;3;1;1;2;4;4;2;3;3;3
500;500;1;1;1;1;1;3;2;1;1;1;2;3;1;1;4;3
501;501;3;2;1;3;1;1;2;1;1;1;3;2;2;1;4;2
502;502;2;1;2;1;3;4;3;1;1;3;1;3;3;4;2;1
503;503;2;2;2;1;2;3;2;4;1;3;1;4;3;3;3;4
504;504;3;2;1;2;3;1;1;1;3;1;1;2;2;1;2;1
505;505;3;3;1;2;1;3;3;1;3;3;2;3;3;3;4;1
506;506;3;3;2;2;1;1;2;1;2;2;1;3;2;1;3;1
507;507;1;3;3;4;1;4;2;4;1;1;3;3;4;4;4;4
508;508;2;2;1;2;1;2;2;1;1;2;4;3;1;3;4;4
509;509;3;2;1;1;4;2;1;1;1;1;1;1;1;2;2;1
510;510;4;1;2;2;3;4;1;2;4;2;3;2;1;4;4;3
511;511;4;1;2;4;1;2;2;1;2;2;1;4;2;1;2;1
512;512;1;2;3;1;1;3;1;2;3;1;1;4;3;3;3;1
513;513;3;1;1;2;1;2;3;1;1;2;4;3;1;3;4;3
514;514;2;2;3;3;1;2;3;1;1;1;3;1;2;3;3;4
515;515;2;1;1;1;1;3;1;1;2;3;1;3;1;4;1;3
516;516;2;1;4;1;1;3;2;4;4;4;1;4;4;4;2;3
517;517;3;2;3;3;2;3;1;2;1;4;2;4;2;3;3;2
518;518;2;1;1;1;1;1;1;1;1;1;4;1;1;2;4;1
519;519;1;1;2;1;1;3;1;1;1;1;4;4;4;2;3;1
520;520;2;4;3;2;2;4;1;2;4;1;2;3;3;4;2;3
521;521;1;1;1;1;1;1;1;1;1;1;4;1;1;1;3;1
522;522;3;2;3;1;3;3;1;4;4;2;1;3;4;4;1;2
523;523;2;4;1;3;3;1;2;1;3;1;1;4;3;1;3;1
524;524;2;3;3;2;1;4;1;1;4;3;2;4;2;4;3;2
525;525;3;3;3;3;2;3;3;3;2;2;4;4;3;3;4;1
526;526;3;1;4;4;2;3;3;2;2;4;2;3;2;3;4;4
527;527;4;1;2;1;1;4;4;1;2;4;1;2;3;3;4;2
528;528;3;2;4;2;2;3;3;2;1;3;4;3;2;3;4;2
529;529;3;1;1;1;1;4;1;1;1;1;1;4;3;3;3;1
530;530;4;3;3;4;1;3;2;1;2;1;2;2;2;2;4;2
531;531;3;3;3;3;1;4;2;2;3;2;3;4;3;4;4;2
532;532;2;3;3;4;1;4;1;4;3;2;2;4;3;4;4;2
533;533;2;1;1;1;2;3;1;1;1;3;3;4;3;3;4;3
534;534;3;1;1;2;1;1;1;1;1;2;3;3;1;1;4;3
535;535;3;2;2;3;1;3;3;2;2;2;3;3;3;3;3;1
536;536;1;1;2;2;1;3;1;2;1;4;3;4;3;4;3;3
537;537;1;1;1;1;1;3;1;1;1;4;1;4;1;3;1;2
538;538;2;1;1;4;1;2;2;2;1;3;2;4;2;2;4;1
539;539;1;3;1;1;1;1;1;1;1;1;1;3;1;1;3;1
540;540;4;1;2;2;1;1;3;1;2;3;1;4;2;1;4;1
541;541;3;4;2;4;1;3;1;1;1;2;3;4;3;3;4;2
542;542;2;1;4;1;1;3;1;2;2;4;2;4;1;1;1;1
543;543;3;1;2;1;1;2;2;1;1;1;2;3;1;1;4;2
544;544;4;1;1;1;1;1;1;1;1;1;1;1;1;1;1;2
545;545;4;2;2;3;1;4;3;1;3;2;2;3;3;4;4;2
546;546;1;1;1;1;1;3;2;1;1;1;1;1;3;1;1;1
547;547;1;1;1;1;3;4;1;1;1;3;1;3;4;4;1;1
548;548;4;1;1;2;2;3;3;2;2;4;1;3;3;2;2;4
549;549;2;1;3;2;1;2;1;2;1;1;4;3;3;3;4;2
550;550;2;1;2;1;1;4;3;4;1;1;1;2;3;4;3;4
551;551;1;2;1;3;1;1;1;1;1;3;1;2;1;1;4;3
552;552;2;1;2;1;1;4;4;4;1;3;1;4;4;4;4;3
553;553;2;1;4;1;1;4;2;2;3;3;1;4;4;2;1;3
554;554;3;3;2;4;2;2;4;1;1;1;1;4;2;2;4;1
555;555;3;2;1;2;1;1;3;1;1;1;2;1;1;1;4;3
556;556;2;1;1;3;1;3;2;1;1;1;4;3;3;3;4;3
557;557;4;4;2;3;2;3;3;1;1;4;2;3;1;3;3;4
558;558;2;3;2;4;1;3;4;2;3;4;1;3;2;3;3;2
559;559;1;1;1;1;1;4;1;4;1;1;1;4;3;1;1;1
560;560;3;1;2;3;2;1;2;1;3;3;2;4;3;1;4;4
561;561;2;2;1;2;2;1;2;1;1;1;2;3;3;1;4;1
562;562;4;2;3;2;2;3;2;2;2;2;1;2;2;2;2;2
563;563;4;2;1;2;1;1;2;2;1;2;2;3;1;1;1;3
564;564;2;2;2;2;1;3;3;2;3;3;4;4;3;3;4;2
565;565;3;1;2;1;1;3;3;1;1;2;1;3;3;4;3;3
566;566;2;1;2;1;4;3;3;1;3;4;1;3;4;3;1;3
567;567;2;2;1;2;2;2;2;2;3;1;1;3;4;1;3;1
568;568;1;2;3;4;1;2;2;1;3;3;1;2;2;2;4;3
569;569;3;3;3;1;1;1;1;2;1;2;4;4;1;2;4;1
570;570;2;3;4;3;1;2;1;1;1;1;2;4;4;2;3;1
571;571;4;4;4;4;4;4;4;4;4;4;4;4;4;4;4;4
572;572;4;1;2;3;2;2;4;2;3;4;4;2;3;1;4;4
573;573;2;1;1;1;1;2;2;2;1;1;4;4;1;1;4;3
574;574;3;1;3;3;2;1;4;1;2;2;2;3;2;1;3;2
575;575;3;1;1;4;3;2;1;1;1;1;1;2;1;2;3;1
576;576;2;1;3;2;1;1;3;2;1;2;2;3;2;1;3;4
577;577;4;2;3;2;1;2;2;2;2;3;3;3;1;4;4;4
578;578;1;1;1;2;1;3;1;1;1;1;3;2;2;3;4;3
579;579;4;1;4;1;1;1;2;1;1;2;1;3;1;2;2;3
580;580;2;3;1;1;1;1;2;1;1;1;4;1;1;1;4;3
581;581;2;2;2;2;1;3;4;1;3;2;4;2;3;2;4;2
582;582;3;1;3;2;2;2;3;1;1;1;4;2;2;1;4;4
583;583;2;3;4;3;1;3;2;1;3;2;2;3;2;3;4;1
584;584;2;2;2;2;1;4;2;2;2;2;2;4;4;3;3;2
585;585;4;1;1;1;1;1;2;1;1;1;2;2;1;1;2;1
586;586;1;4;4;4;3;3;2;2;2;3;3;4;3;3;4;3
587;587;2;2;4;2;2;2;2;2;1;4;3;3;3;3;3;4
588;588;2;3;2;2;1;4;1;4;2;3;4;4;3;4;4;3
589;589;2;4;1;4;2;3;3;1;1;2;4;2;2;3;4;2
590;590;2;1;2;1;1;1;1;1;1;1;3;1;1;2;2;2
591;591;3;2;1;1;1;1;1;1;1;1;2;3;2;2;4;1
592;592;2;1;4;2;1;2;2;1;1;4;4;2;2;2;4;4
593;593;1;2;1;3;2;2;1;3;1;3;1;4;2;3;3;1
594;594;1;1;1;1;1;2;1;1;1;1;3;3;2;2;3;1
595;595;3;2;1;1;2;2;1;3;3;2;4;4;3;1;4;4
596;596;2;1;2;1;1;2;3;1;1;3;1;3;1;1;2;4
597;597;3;1;1;1;1;1;1;1;1;2;4;1;1;1;4;2
598;598;3;3;2;3;1;3;3;3;2;2;2;3;3;3;3;2
599;599;2;1;3;1;1;1;1;3;1;1;2;4;1;2;3;3
600;600;3;2;2;4;1;4;4;1;2;2;3;3;3;4;4;2
601;601;2;1;4;1;2;3;1;4;1;1;2;4;3;3;3;1
602;602;4;2;1;1;2;4;4;2;1;3;1;3;3;3;2;2
603;603;2;3;1;4;1;2;2;1;1;1;4;4;4;2;4;3
604;604;2;2;3;3;1;1;1;1;2;4;2;4;2;2;4;3
605;605;2;4;1;4;1;1;2;1;1;1;4;2;1;2;3;3
606;606;1;1;3;1;1;3;3;3;3;2;1;4;3;3;3;3
607;607;2;1;2;1;1;3;2;2;1;3;1;3;2;4;1;2
608;608;4;2;1;1;1;1;3;1;2;1;2;3;2;2;3;1
609;609;1;1;1;1;1;3;2;2;1;2;1;4;4;3;2;2
610;610;4;3;1;3;1;4;2;4;4;4;1;4;4;4;4;3
611;611;3;1;4;1;1;1;1;2;1;1;1;1;1;1;1;3
612;612;1;2;1;1;1;2;1;1;1;2;3;4;2;2;4;4
613;613;3;3;2;2;2;3;3;2;2;4;1;2;2;2;2;2
614;614;3;2;1;3;1;2;2;2;2;1;4;3;2;2;4;1
615;615;2;1;1;1;1;2;1;1;1;1;1;3;2;2;3;1
616;616;2;1;1;2;1;3;3;1;3;1;1;1;3;3;4;1
617;617;3;1;4;2;1;2;2;2;3;2;3;4;4;2;3;3
618;618;3;1;2;1;3;1;2;4;1;3;1;4;3;1;2;1
619;619;4;1;3;1;1;3;2;1;1;1;1;3;1;2;1;2
620;620;1;2;1;2;1;2;2;2;1;3;1;4;2;2;3;2
621;621;3;4;1;1;1;2;3;4;2;3;1;4;2;2;3;1
622;622;3;2;1;3;2;2;2;1;2;1;4;4;2;2;4;4
623;623;1;2;1;1;1;4;1;1;1;4;1;3;4;3;1;1
624;624;4;3;2;1;2;2;2;4;3;4;2;4;2;2;3;2
625;625;4;1;1;1;1;1;1;1;1;1;1;2;1;2;1;4
626;626;2;1;1;2;1;1;1;2;2;1;4;3;2;2;4;1
627;627;3;2;3;1;1;3;3;2;2;3;3;4;3;3;3;3
628;628;1;1;1;1;1;1;1;3;1;1;1;3;1;1;1;1
629;629;3;2;2;2;2;3;2;1;1;2;2;4;2;3;2;4
630;630;2;2;3;2;1;4;3;4;4;2;1;4;4;4;1;1
631;631;2;2;3;2;2;4;3;2;2;4;4;4;3;4;4;4
632;632;3;2;2;2;2;2;2;3;1;3;3;4;2;2;4;3
633;633;2;2;2;1;1;3;3;3;2;3;1;4;2;2;2;3
634;634;2;2;1;2;1;1;1;1;1;1;1;3;1;1;3;1
635;635;3;3;1;3;1;2;3;1;1;1;2;3;2;2;3;3
636;636;2;3;1;2;1;4;2;2;2;4;4;4;1;3;3;4
637;637;4;1;1;4;2;2;4;2;2;3;3;3;3;2;3;3
638;638;2;1;1;2;1;3;1;3;3;3;1;4;4;4;1;2
639;639;2;4;2;3;2;1;1;1;2;2;3;2;1;1;3;1
640;640;4;1;1;4;1;4;4;1;2;4;2;4;4;4;3;2
641;641;2;4;1;4;2;3;1;1;1;1;1;2;2;3;3;1
642;642;3;2;4;1;2;3;3;1;1;3;3;2;3;3;3;3
643;643;4;2;2;3;2;4;4;1;2;4;3;3;4;4;4;3
644;644;3;1;2;1;1;4;2;2;1;3;1;4;4;4;1;2
645;645;2;1;1;2;1;2;2;1;1;2;2;4;2;2;4;4
646;646;1;3;2;3;3;3;3;2;1;1;3;4;3;3;4;3
647;647;3;2;3;4;1;1;2;1;1;2;4;2;1;1;1;2
648;648;1;2;2;1;1;1;1;1;1;1;4;2;1;3;4;2
649;649;4;2;4;4;3;3;4;1;2;3;2;4;2;3;3;3
650;650;4;1;2;2;1;1;3;1;1;1;1;1;1;1;2;2
651;651;3;1;1;1;1;4;1;1;1;4;1;3;1;4;1;1
652;652;4;3;1;4;3;2;4;1;3;3;1;4;2;1;3;2
653;653;2;4;3;3;4;3;1;1;1;2;3;4;3;3;4;2
654;654;3;3;1;2;1;1;1;1;1;3;1;4;1;1;1;1
655;655;1;2;4;1;1;1;2;1;1;2;4;3;1;1;4;3
656;656;4;2;2;3;1;2;1;3;1;2;4;4;3;4;3;4
657;657;2;2;3;3;1;3;2;2;1;3;3;4;3;3;4;4
658;658;3;1;1;2;1;4;1;1;1;3;2;3;3;4;2;3
659;659;1;2;3;1;1;3;2;3;1;4;1;4;3;3;4;1
660;660;4;1;1;3;1;2;1;1;2;1;1;1;1;1;3;1
661;661;3;4;3;2;1;2;1;1;1;1;2;3;1;1;3;2
662;662;2;2;2;2;2;2;2;2;1;1;1;3;3;3;3;2
663;663;3;1;3;2;1;1;3;4;1;3;2;3;4;3;3;3
664;664;3;1;1;1;1;2;3;1;1;2;2;2;2;2;3;4
665;665;3;3;3;4;2;3;3;1;1;1;3;3;3;3;4;3
666;666;4;2;1;3;1;3;2;1;3;2;2;4;1;2;4;1
667;667;3;2;2;3;1;4;4;1;3;4;2;4;4;4;3;4
668;668;3;3;3;3;1;2;1;4;2;1;4;2;2;3;4;2
669;669;2;1;1;2;1;1;1;1;1;2;2;4;1;1;3;1
670;670;4;1;2;3;1;1;2;2;2;2;2;3;2;1;4;3
671;671;4;4;3;1;1;2;1;4;3;1;1;2;3;1;1;1
672;672;2;2;1;1;1;1;2;1;1;2;1;4;1;1;3;3
673;673;3;2;1;1;1;2;3;1;1;1;4;3;3;2;4;1
674;674;1;1;4;1;1;2;1;1;1;1;4;2;1;2;4;3
675;675;3;4;3;4;2;3;3;1;1;3;4;4;2;2;4;4
676;676;2;3;3;2;2;4;2;2;2;3;2;3;3;3;2;2
677;677;1;1;1;2;1;1;3;1;1;2;1;3;2;1;4;1
678;678;2;1;2;1;3;4;1;4;1;2;1;4;4;4;1;1
679;679;2;1;4;3;1;3;2;1;3;4;4;2;1;4;3;2
680;680;2;1;4;1;1;3;2;1;1;4;1;4;1;2;2;4
681;681;3;2;1;2;1;1;2;2;1;1;1;4;1;1;4;3
682;682;4;1;1;1;1;1;2;1;1;1;1;1;1;1;1;3
683;683;3;4;1;3;3;3;2;1;2;1;2;3;2;2;4;1
684;684;1;1;2;1;1;4;1;4;1;3;1;3;3;2;2;1
685;685;2;3;3;1;1;3;1;2;1;3;4;4;4;4;4;2
686;686;2;3;1;3;3;2;3;1;1;1;1;3;3;2;3;1
687;687;4;3;2;1;1;3;2;3;4;3;1;4;3;2;3;1
688;688;3;2;4;3;2;4;4;3;1;2;1;3;4;4;4;2
689;689;3;1;1;2;1;2;2;2;3;2;4;3;1;2;4;2
690;690;3;2;4;2;2;2;2;3;2;4;2;3;2;1;3;4
691;691;3;2;4;2;2;4;4;2;2;4;4;2;2;3;4;4
692;692;2;1;2;2;1;3;1;2;2;2;4;3;3;3;4;1
693;693;1;1;1;1;1;3;1;4;1;1;1;4;4;4;1;1
694;694;2;1;1;1;1;1;1;1;1;3;2;4;2;1;4;2
695;695;2;1;2;3;1;1;1;1;4;4;4;3;1;1;4;4
696;696;4;2;2;1;1;2;2;1;1;1;3;4;2;1;4;2
697;697;2;2;3;2;2;3;2;1;1;4;2;4;1;1;4;4
698;698;2;2;3;3;1;2;3;2;2;2;3;4;2;2;3;4
699;699;3;1;2;2;2;4;3;2;2;1;2;4;4;3;4;1
700;700;1;1;2;1;2;4;1;1;1;2;2;2;2;4;2;2
701;701;2;3;4;1;3;4;1;3;1;3;2;4;4;4;2;2
702;702;1;1;3;1;1;2;1;1;1;1;1;4;1;2;4;3
703;703;4;1;1;2;2;1;1;1;3;1;1;1;1;1;1;4
704;704;2;1;3;1;1;3;2;1;1;1;4;2;1;3;3;2
705;705;2;3;4;1;1;3;1;2;1;3;1;3;1;3;3;2
706;706;3;2;1;3;1;1;1;1;1;1;4;4;1;1;4;2
707;707;2;2;1;2;1;2;2;1;1;2;3;3;1;2;4;1
708;708;2;3;2;2;1;3;3;2;1;1;3;3;2;2;4;3
709;709;2;1;3;4;1;4;3;2;2;3;2;4;4;3;4;2
710;710;3;1;1;1;1;3;3;2;1;1;3;3;2;3;4;2
711;711;2;1;2;1;1;3;1;1;1;1;4;2;1;3;4;3
712;712;1;1;1;1;1;1;1;1;1;1;3;2;1;1;4;2
713;713;3;1;1;1;1;2;1;4;4;3;1;3;4;2;2;3
714;714;1;1;2;1;1;3;1;1;1;1;4;3;1;2;4;2
715;715;2;1;1;1;1;1;1;4;1;2;1;4;3;1;1;1
716;716;4;1;1;1;2;1;3;1;3;1;2;2;2;1;4;3
717;717;3;1;4;3;1;3;2;2;2;3;3;3;2;2;4;3
718;718;1;2;1;1;1;3;1;1;1;2;4;3;3;3;4;2
719;719;3;2;2;3;1;2;2;2;1;3;4;4;2;3;4;3
720;720;2;1;4;3;1;1;1;1;1;2;2;2;1;1;3;2
721;721;1;2;3;3;1;3;2;2;2;3;4;4;3;3;4;3
722;722;1;1;2;1;1;2;1;3;1;2;2;3;3;2;4;3
723;723;1;1;1;1;1;2;1;1;1;3;4;3;2;2;4;1
724;724;3;2;1;4;1;1;2;1;1;2;4;2;1;2;3;4
725;725;3;1;1;2;1;3;2;1;1;2;4;1;2;3;3;2
726;726;1;1;1;2;1;3;1;2;1;2;4;3;1;3;4;3
727;727;3;1;1;4;2;2;2;4;1;3;1;3;3;2;3;3
728;728;3;2;4;2;1;3;4;1;2;2;3;2;2;2;3;2
729;729;2;3;1;2;4;1;1;1;2;1;1;3;2;1;3;1
730;730;3;2;2;3;3;3;2;1;1;4;4;1;1;3;4;3
731;731;2;1;1;2;1;3;2;1;1;3;1;4;3;2;3;2
732;732;2;1;1;2;1;2;1;1;1;1;4;2;1;1;3;2
733;733;3;2;1;1;2;3;3;2;1;3;1;3;3;2;2;3
